{"cameraMode":{"drawMode":0,"name":"Shaded","section":"Shading Mode"},"sceneLighting":false,"audioPlay":false,"sceneViewState":{"m_AlwaysRefresh":false,"showFog":false,"showSkybox":false,"showFlares":false,"showImageEffects":false,"showParticleSystems":false,"showVisualEffectGraphs":true,"m_FxEnabled":true},"in2DMode":false,"pivot":{"x":-0.00034928321838378906,"y":1.4737462997436524,"z":-0.06216044723987579},"rotation":{"x":-0.0894109457731247,"y":-0.6168554425239563,"z":0.07082441449165344,"w":-0.7787666916847229},"size":2.1241979598999025,"orthographic":false}